dataset,seed,bearing,nominal,picp,mpiw,q,n_cal
pronostia,s42,Full_Test_Set_Bearing1_3,0.8,0.5688,0.5725,0.2863,1428
pronostia,s42,Full_Test_Set_Bearing1_3,0.9,0.5768,0.5864,0.2932,1428
pronostia,s42,Full_Test_Set_Bearing1_4,0.8,0.965,0.7182,0.3591,2463
pronostia,s42,Full_Test_Set_Bearing1_4,0.9,0.9986,1.0498,0.5249,2463
pronostia,s42,Full_Test_Set_Bearing1_5,0.8,0.8047,0.7303,0.3652,2448
pronostia,s42,Full_Test_Set_Bearing1_5,0.9,0.9034,1.0593,0.5296,2448
pronostia,s42,Full_Test_Set_Bearing1_6,0.8,0.7823,0.67,0.335,2259
pronostia,s42,Full_Test_Set_Bearing1_6,0.9,0.864,0.931,0.4655,2259
pronostia,s42,Full_Test_Set_Bearing1_7,0.8,0.8455,0.7587,0.3793,1955
pronostia,s42,Full_Test_Set_Bearing1_7,0.9,0.942,1.063,0.5315,1955
pronostia,s42,Full_Test_Set_Bearing2_3,0.8,0.7744,0.6826,0.3413,751
pronostia,s42,Full_Test_Set_Bearing2_3,0.9,0.8839,1.0109,0.5054,751
pronostia,s42,Full_Test_Set_Bearing2_4,0.8,0.8682,0.9015,0.4507,2311
pronostia,s42,Full_Test_Set_Bearing2_4,0.9,0.9494,1.1757,0.5879,2311
pronostia,s42,Full_Test_Set_Bearing2_5,0.8,0.6824,0.6437,0.3218,701
pronostia,s42,Full_Test_Set_Bearing2_5,0.9,0.8213,0.963,0.4815,701
pronostia,s42,Full_Test_Set_Bearing2_6,0.8,0.8074,0.6543,0.3271,230
pronostia,s42,Full_Test_Set_Bearing2_6,0.9,0.9258,1.0436,0.5218,230
pronostia,s42,Full_Test_Set_Bearing2_7,0.8,0.7217,0.5646,0.2823,434
pronostia,s42,Full_Test_Set_Bearing2_7,0.9,0.7652,0.582,0.291,434
pronostia,s42,Full_Test_Set_Bearing3_3,0.8,0.9585,0.6746,0.3373,2803
pronostia,s42,Full_Test_Set_Bearing3_3,0.9,0.9931,0.8987,0.4493,2803
pronostia,s42,Learning_set_Bearing1_1,0.8,0.7938,0.6611,0.3305,871
pronostia,s42,Learning_set_Bearing1_1,0.9,0.9212,0.9461,0.4731,871
pronostia,s42,Learning_set_Bearing1_2,0.8,0.8335,0.7368,0.3684,911
pronostia,s42,Learning_set_Bearing1_2,0.9,0.8944,0.9243,0.4621,911
pronostia,s42,Learning_set_Bearing2_1,0.8,0.9704,1.1321,0.5661,797
pronostia,s42,Learning_set_Bearing2_1,0.9,1.0,1.3264,0.6632,797
pronostia,s42,Learning_set_Bearing2_2,0.8,0.6073,0.6781,0.3391,515
pronostia,s42,Learning_set_Bearing2_2,0.9,0.7604,1.0144,0.5072,515
pronostia,s42,Learning_set_Bearing3_1,0.8,0.8913,0.9792,0.4896,1637
pronostia,s42,Learning_set_Bearing3_1,0.9,0.9806,1.266,0.633,1637
pronostia,s42,Learning_set_Bearing3_2,0.8,0.6836,0.5977,0.2989,2375
pronostia,s42,Learning_set_Bearing3_2,0.9,0.6848,0.6025,0.3012,2375
pronostia,s43,Full_Test_Set_Bearing1_3,0.8,0.9705,0.5844,0.2922,1428
pronostia,s43,Full_Test_Set_Bearing1_3,0.9,0.9781,0.6211,0.3106,1428
pronostia,s43,Full_Test_Set_Bearing1_4,0.8,0.9972,0.7564,0.3782,2463
pronostia,s43,Full_Test_Set_Bearing1_4,0.9,1.0,1.078,0.539,2463
pronostia,s43,Full_Test_Set_Bearing1_5,0.8,0.7966,0.7462,0.3731,2448
pronostia,s43,Full_Test_Set_Bearing1_5,0.9,0.9005,1.0789,0.5395,2448
pronostia,s43,Full_Test_Set_Bearing1_6,0.8,0.8211,0.8176,0.4088,2259
pronostia,s43,Full_Test_Set_Bearing1_6,0.9,0.9199,1.1411,0.5706,2259
pronostia,s43,Full_Test_Set_Bearing1_7,0.8,0.7849,0.7662,0.3831,1955
pronostia,s43,Full_Test_Set_Bearing1_7,0.9,0.8853,1.0908,0.5454,1955
pronostia,s43,Full_Test_Set_Bearing2_3,0.8,0.8051,0.7782,0.3891,751
pronostia,s43,Full_Test_Set_Bearing2_3,0.9,0.9033,1.1006,0.5503,751
pronostia,s43,Full_Test_Set_Bearing2_4,0.8,0.8322,0.8755,0.4377,2311
pronostia,s43,Full_Test_Set_Bearing2_4,0.9,0.9134,1.1346,0.5673,2311
pronostia,s43,Full_Test_Set_Bearing2_5,0.8,0.7681,0.7922,0.3961,701
pronostia,s43,Full_Test_Set_Bearing2_5,0.9,0.8944,1.1197,0.5598,701
pronostia,s43,Full_Test_Set_Bearing2_6,0.8,0.7561,0.6411,0.3205,230
pronostia,s43,Full_Test_Set_Bearing2_6,0.9,0.8459,0.9359,0.4679,230
pronostia,s43,Full_Test_Set_Bearing2_7,0.8,0.8826,0.8682,0.4341,434
pronostia,s43,Full_Test_Set_Bearing2_7,0.9,0.9826,1.192,0.596,434
pronostia,s43,Full_Test_Set_Bearing3_3,0.8,0.6912,0.5273,0.2636,2803
pronostia,s43,Full_Test_Set_Bearing3_3,0.9,0.6935,0.5311,0.2656,2803
pronostia,s43,Learning_set_Bearing1_1,0.8,0.9693,0.721,0.3605,871
pronostia,s43,Learning_set_Bearing1_1,0.9,0.9961,0.9984,0.4992,871
pronostia,s43,Learning_set_Bearing1_2,0.8,0.837,0.8135,0.4068,911
pronostia,s43,Learning_set_Bearing1_2,0.9,0.9506,1.1422,0.5711,911
pronostia,s43,Learning_set_Bearing2_1,0.8,0.9199,1.2035,0.6018,797
pronostia,s43,Learning_set_Bearing2_1,0.9,0.9835,1.4099,0.705,797
pronostia,s43,Learning_set_Bearing2_2,0.8,0.5772,0.65,0.325,515
pronostia,s43,Learning_set_Bearing2_2,0.9,0.7039,0.9816,0.4908,515
pronostia,s43,Learning_set_Bearing3_1,0.8,0.8621,0.8588,0.4294,1637
pronostia,s43,Learning_set_Bearing3_1,0.9,0.9748,1.1607,0.5804,1637
pronostia,s43,Learning_set_Bearing3_2,0.8,0.2523,0.4003,0.2001,2375
pronostia,s43,Learning_set_Bearing3_2,0.9,0.6481,0.4285,0.2142,2375
pronostia,s44,Full_Test_Set_Bearing1_3,0.8,0.9124,0.5725,0.2863,1428
pronostia,s44,Full_Test_Set_Bearing1_3,0.9,0.9166,0.5871,0.2935,1428
pronostia,s44,Full_Test_Set_Bearing1_4,0.8,0.9986,0.7355,0.3677,2463
pronostia,s44,Full_Test_Set_Bearing1_4,0.9,1.0,1.0563,0.5281,2463
pronostia,s44,Full_Test_Set_Bearing1_5,0.8,0.8006,0.7356,0.3678,2448
pronostia,s44,Full_Test_Set_Bearing1_5,0.9,0.9042,1.0727,0.5364,2448
pronostia,s44,Full_Test_Set_Bearing1_6,0.8,0.8301,0.8363,0.4181,2259
pronostia,s44,Full_Test_Set_Bearing1_6,0.9,0.9297,1.1699,0.5849,2259
pronostia,s44,Full_Test_Set_Bearing1_7,0.8,0.8127,0.8769,0.4384,1955
pronostia,s44,Full_Test_Set_Bearing1_7,0.9,0.9088,1.1976,0.5988,1955
pronostia,s44,Full_Test_Set_Bearing2_3,0.8,0.7529,0.7311,0.3656,751
pronostia,s44,Full_Test_Set_Bearing2_3,0.9,0.8629,1.0675,0.5338,751
pronostia,s44,Full_Test_Set_Bearing2_4,0.8,0.8389,0.8599,0.43,2311
pronostia,s44,Full_Test_Set_Bearing2_4,0.9,0.9228,1.14,0.57,2311
pronostia,s44,Full_Test_Set_Bearing2_5,0.8,0.7334,0.6984,0.3492,701
pronostia,s44,Full_Test_Set_Bearing2_5,0.9,0.862,1.0264,0.5132,701
pronostia,s44,Full_Test_Set_Bearing2_6,0.8,0.786,0.6382,0.3191,230
pronostia,s44,Full_Test_Set_Bearing2_6,0.9,0.883,0.9697,0.4849,230
pronostia,s44,Full_Test_Set_Bearing2_7,0.8,0.7696,0.5974,0.2987,434
pronostia,s44,Full_Test_Set_Bearing2_7,0.9,0.8174,0.6941,0.347,434
pronostia,s44,Full_Test_Set_Bearing3_3,0.8,0.3664,0.4879,0.2439,2803
pronostia,s44,Full_Test_Set_Bearing3_3,0.9,0.3756,0.4958,0.2479,2803
pronostia,s44,Learning_set_Bearing1_1,0.8,0.9904,0.8468,0.4234,871
pronostia,s44,Learning_set_Bearing1_1,0.9,0.9975,1.1348,0.5674,871
pronostia,s44,Learning_set_Bearing1_2,0.8,0.7979,0.8371,0.4186,911
pronostia,s44,Learning_set_Bearing1_2,0.9,0.8335,0.9457,0.4728,911
pronostia,s44,Learning_set_Bearing2_1,0.8,0.7772,0.8184,0.4092,797
pronostia,s44,Learning_set_Bearing2_1,0.9,0.978,1.0502,0.5251,797
pronostia,s44,Learning_set_Bearing2_2,0.8,0.7252,0.6782,0.3391,515
pronostia,s44,Learning_set_Bearing2_2,0.9,0.8733,0.997,0.4985,515
pronostia,s44,Learning_set_Bearing3_1,0.8,0.8311,0.7727,0.3864,1637
pronostia,s44,Learning_set_Bearing3_1,0.9,0.9282,1.081,0.5405,1637
pronostia,s44,Learning_set_Bearing3_2,0.8,0.2773,0.461,0.2305,2375
pronostia,s44,Learning_set_Bearing3_2,0.9,0.3604,0.5442,0.2721,2375
xjtu_sy,s42,35Hz12kN_Bearing1_1,0.8,1.0,1.1814,0.5907,161
xjtu_sy,s42,35Hz12kN_Bearing1_1,0.9,1.0,1.4494,0.7247,161
xjtu_sy,s42,35Hz12kN_Bearing1_2,0.8,0.5901,0.6351,0.3176,158
xjtu_sy,s42,35Hz12kN_Bearing1_2,0.9,0.5901,0.6414,0.3207,158
xjtu_sy,s42,35Hz12kN_Bearing1_3,0.8,1.0,1.1387,0.5694,122
xjtu_sy,s42,35Hz12kN_Bearing1_3,0.9,1.0,1.4741,0.7371,122
xjtu_sy,s42,35Hz12kN_Bearing1_4,0.8,0.6066,0.4888,0.2444,52
xjtu_sy,s42,35Hz12kN_Bearing1_4,0.9,0.6066,0.5033,0.2516,52
xjtu_sy,s42,35Hz12kN_Bearing1_5,0.8,1.0,0.7937,0.3969,491
xjtu_sy,s42,35Hz12kN_Bearing1_5,0.9,1.0,1.1056,0.5528,491
xjtu_sy,s42,37.5Hz11kN_Bearing2_1,0.8,0.8228,0.8628,0.4314,161
xjtu_sy,s42,37.5Hz11kN_Bearing2_1,0.9,0.8737,1.0145,0.5073,161
xjtu_sy,s42,37.5Hz11kN_Bearing2_2,0.8,0.205,0.3053,0.1527,533
xjtu_sy,s42,37.5Hz11kN_Bearing2_2,0.9,0.5652,0.3764,0.1882,533
xjtu_sy,s42,37.5Hz11kN_Bearing2_3,0.8,0.8968,0.3664,0.1832,42
xjtu_sy,s42,37.5Hz11kN_Bearing2_3,0.9,0.9343,0.4761,0.2381,42
xjtu_sy,s42,37.5Hz11kN_Bearing2_4,0.8,1.0,0.9351,0.4675,339
xjtu_sy,s42,37.5Hz11kN_Bearing2_4,0.9,1.0,0.97,0.485,339
xjtu_sy,s42,37.5Hz11kN_Bearing2_5,0.8,0.4749,0.7797,0.3898,2538
xjtu_sy,s42,37.5Hz11kN_Bearing2_5,0.9,1.0,1.1039,0.5519,2538
xjtu_sy,s42,40Hz10kN_Bearing3_1,0.8,0.7612,0.6548,0.3274,2496
xjtu_sy,s42,40Hz10kN_Bearing3_1,0.9,0.8176,0.8335,0.4168,2496
xjtu_sy,s42,40Hz10kN_Bearing3_2,0.8,0.7925,0.6454,0.3227,371
xjtu_sy,s42,40Hz10kN_Bearing3_2,0.9,0.9391,0.9535,0.4768,371
xjtu_sy,s42,40Hz10kN_Bearing3_3,0.8,0.8302,0.7293,0.3647,1515
xjtu_sy,s42,40Hz10kN_Bearing3_3,0.9,0.9326,1.0622,0.5311,1515
xjtu_sy,s42,40Hz10kN_Bearing3_4,0.8,1.0,1.4909,0.7454,114
xjtu_sy,s42,40Hz10kN_Bearing3_4,0.9,1.0,1.5677,0.7839,114
xjtu_sy,s42,40Hz10kN_Bearing3_5,0.8,0.2368,0.2876,0.1438,123
xjtu_sy,s42,40Hz10kN_Bearing3_5,0.9,0.2807,0.3816,0.1908,123
xjtu_sy,s43,35Hz12kN_Bearing1_1,0.8,1.0,1.1134,0.5567,161
xjtu_sy,s43,35Hz12kN_Bearing1_1,0.9,1.0,1.3992,0.6996,161
xjtu_sy,s43,35Hz12kN_Bearing1_2,0.8,0.4783,0.4516,0.2258,158
xjtu_sy,s43,35Hz12kN_Bearing1_2,0.9,0.4783,0.4574,0.2287,158
xjtu_sy,s43,35Hz12kN_Bearing1_3,0.8,1.0,1.044,0.522,122
xjtu_sy,s43,35Hz12kN_Bearing1_3,0.9,1.0,1.3766,0.6883,122
xjtu_sy,s43,35Hz12kN_Bearing1_4,0.8,0.6148,0.4074,0.2037,52
xjtu_sy,s43,35Hz12kN_Bearing1_4,0.9,0.623,0.416,0.208,52
xjtu_sy,s43,35Hz12kN_Bearing1_5,0.8,1.0,0.9728,0.4864,491
xjtu_sy,s43,35Hz12kN_Bearing1_5,0.9,1.0,1.2107,0.6054,491
xjtu_sy,s43,37.5Hz11kN_Bearing2_1,0.8,0.7841,0.9355,0.4677,161
xjtu_sy,s43,37.5Hz11kN_Bearing2_1,0.9,0.8167,1.0045,0.5022,161
xjtu_sy,s43,37.5Hz11kN_Bearing2_2,0.8,0.5963,0.3992,0.1996,533
xjtu_sy,s43,37.5Hz11kN_Bearing2_2,0.9,0.6398,0.5149,0.2575,533
xjtu_sy,s43,37.5Hz11kN_Bearing2_3,0.8,0.4484,0.3745,0.1872,42
xjtu_sy,s43,37.5Hz11kN_Bearing2_3,0.9,0.9381,0.5446,0.2723,42
xjtu_sy,s43,37.5Hz11kN_Bearing2_4,0.8,0.9048,0.4899,0.245,339
xjtu_sy,s43,37.5Hz11kN_Bearing2_4,0.9,0.9286,0.5692,0.2846,339
xjtu_sy,s43,37.5Hz11kN_Bearing2_5,0.8,0.9617,0.6853,0.3427,2538
xjtu_sy,s43,37.5Hz11kN_Bearing2_5,0.9,1.0,0.9896,0.4948,2538
xjtu_sy,s43,40Hz10kN_Bearing3_1,0.8,0.7939,0.6665,0.3332,2496
xjtu_sy,s43,40Hz10kN_Bearing3_1,0.9,0.8684,0.8912,0.4456,2496
xjtu_sy,s43,40Hz10kN_Bearing3_2,0.8,0.8201,0.7008,0.3504,371
xjtu_sy,s43,40Hz10kN_Bearing3_2,0.9,0.9359,1.0344,0.5172,371
xjtu_sy,s43,40Hz10kN_Bearing3_3,0.8,0.8464,0.8481,0.424,1515
xjtu_sy,s43,40Hz10kN_Bearing3_3,0.9,0.9434,1.1743,0.5872,1515
xjtu_sy,s43,40Hz10kN_Bearing3_4,0.8,1.0,1.485,0.7425,114
xjtu_sy,s43,40Hz10kN_Bearing3_4,0.9,1.0,1.5352,0.7676,114
xjtu_sy,s43,40Hz10kN_Bearing3_5,0.8,0.3333,0.3661,0.183,123
xjtu_sy,s43,40Hz10kN_Bearing3_5,0.9,0.3947,0.5193,0.2597,123
xjtu_sy,s44,35Hz12kN_Bearing1_1,0.8,1.0,1.107,0.5535,161
xjtu_sy,s44,35Hz12kN_Bearing1_1,0.9,1.0,1.3858,0.6929,161
xjtu_sy,s44,35Hz12kN_Bearing1_2,0.8,0.5217,0.4534,0.2267,158
xjtu_sy,s44,35Hz12kN_Bearing1_2,0.9,0.5217,0.4566,0.2283,158
xjtu_sy,s44,35Hz12kN_Bearing1_3,0.8,1.0,1.1594,0.5797,122
xjtu_sy,s44,35Hz12kN_Bearing1_3,0.9,1.0,1.4903,0.7451,122
xjtu_sy,s44,35Hz12kN_Bearing1_4,0.8,0.5902,0.4523,0.2262,52
xjtu_sy,s44,35Hz12kN_Bearing1_4,0.9,0.5902,0.4573,0.2286,52
xjtu_sy,s44,35Hz12kN_Bearing1_5,0.8,1.0,0.8491,0.4246,491
xjtu_sy,s44,35Hz12kN_Bearing1_5,0.9,1.0,1.1802,0.5901,491
xjtu_sy,s44,37.5Hz11kN_Bearing2_1,0.8,0.8411,0.9828,0.4914,161
xjtu_sy,s44,37.5Hz11kN_Bearing2_1,0.9,0.8961,1.163,0.5815,161
xjtu_sy,s44,37.5Hz11kN_Bearing2_2,0.8,0.5342,0.3252,0.1626,533
xjtu_sy,s44,37.5Hz11kN_Bearing2_2,0.9,0.6335,0.5013,0.2507,533
xjtu_sy,s44,37.5Hz11kN_Bearing2_3,0.8,0.8424,0.404,0.202,42
xjtu_sy,s44,37.5Hz11kN_Bearing2_3,0.9,0.9662,0.5791,0.2895,42
xjtu_sy,s44,37.5Hz11kN_Bearing2_4,0.8,0.9048,0.5443,0.2721,339
xjtu_sy,s44,37.5Hz11kN_Bearing2_4,0.9,0.9286,0.5871,0.2935,339
xjtu_sy,s44,37.5Hz11kN_Bearing2_5,0.8,0.9499,0.6953,0.3477,2538
xjtu_sy,s44,37.5Hz11kN_Bearing2_5,0.9,1.0,0.9892,0.4946,2538
xjtu_sy,s44,40Hz10kN_Bearing3_1,0.8,0.7892,0.6586,0.3293,2496
xjtu_sy,s44,40Hz10kN_Bearing3_1,0.9,0.8684,0.9009,0.4504,2496
xjtu_sy,s44,40Hz10kN_Bearing3_2,0.8,0.7752,0.6056,0.3028,371
xjtu_sy,s44,40Hz10kN_Bearing3_2,0.9,0.9042,0.9146,0.4573,371
xjtu_sy,s44,40Hz10kN_Bearing3_3,0.8,0.9353,1.0174,0.5087,1515
xjtu_sy,s44,40Hz10kN_Bearing3_3,0.9,0.9946,1.2862,0.6431,1515
xjtu_sy,s44,40Hz10kN_Bearing3_4,0.8,0.9696,1.5078,0.7539,114
xjtu_sy,s44,40Hz10kN_Bearing3_4,0.9,0.9828,1.5494,0.7747,114
xjtu_sy,s44,40Hz10kN_Bearing3_5,0.8,0.3421,0.4965,0.2483,123
xjtu_sy,s44,40Hz10kN_Bearing3_5,0.9,0.3421,0.506,0.253,123
