dataset,config,n_seeds,n_bearings,norm_median,norm_q25,norm_q75,norm_worst,norm_mean,norm_std,hours_median,hours_q25,hours_q75,hours_worst,hours_mean,hours_std,mtoi_spearman_signed_mean,mtoi_spearman_vs_deg_mean,mtoi_monotonicity_mean,rul_rmse_hours_mean,rul_phm_score_mean,rul_asym_score_mean
pronostia,ctl_lifefrac,3,17,0.1088,0.0885,0.1476,0.2031,0.1175,0.0423,0.285,0.1871,0.3809,0.7654,0.2836,0.1857,-0.2803,0.2803,0.0143,0.335,48.3122,0.3987
pronostia,ctl_elapsed,3,17,0.2569,0.2405,0.2714,0.3242,0.2501,0.0432,0.4509,0.3425,0.9258,1.0479,0.5808,0.3214,-0.2542,0.2542,0.0126,0.6656,99.6214,0.8304
pronostia,abl_no_smooth,3,17,0.2775,0.2687,0.2879,0.3194,0.2662,0.039,0.4638,0.3598,0.977,1.1586,0.6331,0.366,-0.2053,0.2053,0.0118,0.7258,112.9102,0.936
pronostia,abl_cond_noaux,3,17,0.2751,0.265,0.2905,0.3073,0.2665,0.0359,0.482,0.3683,0.98,1.1669,0.6392,0.3727,0.0151,-0.0151,0.0149,0.7292,113.7229,0.9343
pronostia,ctl_hc10,3,17,0.2772,0.265,0.2855,0.3126,0.2676,0.0383,0.5133,0.3671,1.0212,1.1858,0.6452,0.3875,-0.262,0.262,0.0147,0.7391,116.8202,0.9566
pronostia,abl_no_mono,3,17,0.2756,0.2662,0.2892,0.3627,0.2683,0.0439,0.4904,0.3671,0.9826,1.1752,0.6382,0.3689,-0.243,0.243,0.0161,0.7314,113.1145,0.9313
pronostia,vtoi_traj,3,17,0.2763,0.2682,0.2874,0.3547,0.2699,0.0422,0.4901,0.3617,0.9863,1.1794,0.6433,0.3753,-0.2157,0.2157,0.0142,0.7364,114.5328,0.9411
pronostia,abl_E_only,3,17,0.278,0.2601,0.29,0.3183,0.2707,0.0336,0.4858,0.3605,0.992,1.1828,0.6474,0.374,-0.2569,0.2569,0.0128,0.7411,115.1442,0.9449
pronostia,ctl_scalar,3,17,0.276,0.2617,0.2915,0.349,0.2708,0.0379,0.4823,0.3643,1.0099,1.1791,0.6465,0.3716,-0.2271,0.2271,0.0163,0.7409,115.1098,0.9441
pronostia,ctl_random,3,17,0.2803,0.2698,0.2887,0.343,0.271,0.0418,0.4815,0.3632,0.9744,1.1845,0.6426,0.3739,-0.2484,0.2484,0.0171,0.7343,114.3078,0.9476
pronostia,vtoi_static,3,17,0.2829,0.2732,0.2911,0.3341,0.2712,0.0379,0.4927,0.3639,1.0144,1.1789,0.6479,0.3766,-0.2385,0.2385,0.016,0.7375,115.5513,0.9487
pronostia,ctl_nodeg,3,17,0.2786,0.2686,0.2914,0.3373,0.2715,0.0396,0.5025,0.3643,1.0017,1.1953,0.6486,0.3792,-0.1994,0.1994,0.014,0.7428,115.4174,0.9457
pronostia,ctl_EC,3,17,0.2799,0.2617,0.2972,0.3599,0.2719,0.0443,0.4931,0.3626,0.9812,1.1847,0.6475,0.378,-0.2183,0.2183,0.0139,0.7366,113.7165,0.928
pronostia,ctl_shuffled,3,17,0.2828,0.2722,0.2915,0.3459,0.272,0.0438,0.4869,0.3662,0.9707,1.2043,0.6462,0.3777,-0.2173,0.2173,0.0176,0.736,113.7305,0.9323
pronostia,abl_no_idxhead,3,17,0.2852,0.2662,0.2911,0.3408,0.2725,0.039,0.4898,0.3638,0.9838,1.1803,0.65,0.3775,-0.212,0.212,0.0169,0.7423,115.6795,0.9494
pronostia,transformer_vib,3,17,0.2809,0.2681,0.2915,0.3098,0.2728,0.0315,0.4765,0.3644,1.058,1.1887,0.6555,0.3824,0.0225,-0.0225,0.0144,0.7466,117.3417,0.9594
pronostia,tcn_vib,3,17,0.2904,0.282,0.2979,0.3063,0.2876,0.014,0.6216,0.3607,1.1212,1.3169,0.7015,0.4157,0.0999,-0.0999,0.0144,0.7925,126.3476,1.0061
pronostia,tcn_transformer_vib,3,17,0.2953,0.2912,0.2985,0.3197,0.2936,0.0112,0.6507,0.3899,1.1214,1.2964,0.7086,0.4095,0.0018,-0.0018,0.0139,0.7971,128.2854,1.0434
pronostia,cnn_bilstm_attn_vib,3,17,0.3497,0.3243,0.368,0.4069,0.3451,0.0416,0.5351,0.4787,1.2798,1.5146,0.8215,0.4821,0.1186,-0.1186,0.012,0.9206,140.2967,1.0243
xjtu_sy,ctl_lifefrac,3,15,0.1294,0.082,0.173,0.3062,0.1423,0.0792,0.2674,0.1661,0.5354,6.5213,1.0346,1.8362,-0.5819,0.5819,0.06,1.222,251.1255,1.601
xjtu_sy,ctl_elapsed,3,15,0.2385,0.169,0.2589,0.4506,0.2297,0.0802,0.5092,0.303,1.0759,6.4143,1.4715,2.1354,-0.5631,0.5631,0.0593,1.7551,357.2232,2.2977
xjtu_sy,ctl_random,3,15,0.2447,0.1661,0.2625,0.4719,0.2369,0.0877,0.5333,0.296,1.0775,6.6853,1.539,2.2502,-0.5881,0.5881,0.0545,1.8174,391.7301,2.3717
xjtu_sy,vtoi_traj,3,15,0.2487,0.1688,0.2623,0.4303,0.2374,0.0752,0.5009,0.3059,1.0778,6.7127,1.5383,2.235,-0.5561,0.5561,0.0679,1.791,381.7022,2.3377
xjtu_sy,abl_no_smooth,3,15,0.2411,0.1748,0.2673,0.4519,0.2378,0.0806,0.5106,0.3101,1.0907,6.7619,1.5586,2.2983,-0.5755,0.5755,0.0659,1.8148,382.6178,2.338
xjtu_sy,ctl_hc10,3,15,0.2484,0.1775,0.2644,0.5058,0.2381,0.0941,0.5716,0.3289,1.1308,6.7909,1.5383,2.2265,-0.5762,0.5762,0.0574,1.8258,403.9079,2.3781
xjtu_sy,abl_no_mono,3,15,0.2551,0.162,0.266,0.4401,0.2392,0.0808,0.5274,0.296,1.0753,6.5893,1.546,2.2227,-0.575,0.575,0.0593,1.8099,377.8389,2.3491
xjtu_sy,vtoi_static,3,15,0.2534,0.1658,0.2697,0.437,0.2393,0.0797,0.5058,0.3113,1.0832,6.7105,1.5558,2.2524,-0.5824,0.5824,0.0503,1.8092,383.5971,2.359
xjtu_sy,ctl_scalar,3,15,0.2421,0.1688,0.2644,0.4825,0.2399,0.0866,0.5452,0.3065,1.0989,6.6721,1.5312,2.2121,-0.5508,0.5508,0.0592,1.7977,381.3595,2.3502
xjtu_sy,ctl_shuffled,3,15,0.2447,0.1767,0.2667,0.48,0.24,0.0866,0.5424,0.3172,1.0942,6.6828,1.5341,2.2022,-0.5926,0.5926,0.0581,1.7907,372.792,2.3275
xjtu_sy,ctl_nodeg,3,15,0.2421,0.1725,0.263,0.4883,0.2402,0.086,0.5517,0.3022,1.0676,6.677,1.536,2.2388,-0.592,0.592,0.0576,1.7998,388.5003,2.3584
xjtu_sy,abl_no_idxhead,3,15,0.2374,0.1774,0.265,0.4843,0.2407,0.0849,0.5472,0.3195,1.0615,6.796,1.5404,2.2446,-0.5463,0.5463,0.0536,1.8146,382.0082,2.3608
xjtu_sy,abl_E_only,3,15,0.257,0.1682,0.27,0.4651,0.2416,0.0861,0.531,0.3061,1.091,6.6846,1.5673,2.2838,-0.5692,0.5692,0.058,1.8448,387.7357,2.3622
xjtu_sy,transformer_vib,3,15,0.244,0.1801,0.2722,0.4577,0.2423,0.0771,0.5172,0.3102,1.0884,6.8819,1.5859,2.326,-0.0057,0.0057,0.0363,1.8652,386.1905,2.3379
xjtu_sy,ctl_EC,3,15,0.2542,0.1768,0.2695,0.4514,0.2441,0.0774,0.5148,0.3127,1.0871,6.7594,1.5623,2.2454,-0.5784,0.5784,0.0491,1.8249,388.698,2.3793
xjtu_sy,abl_cond_noaux,3,15,0.2602,0.1816,0.2675,0.4536,0.2449,0.0771,0.5125,0.3161,1.1083,6.6002,1.5718,2.2564,0.0174,-0.0174,0.0463,1.8418,386.9205,2.382
xjtu_sy,tcn_vib,3,15,0.2702,0.2131,0.2863,0.4626,0.2705,0.0702,0.5227,0.343,1.2401,7.0201,1.6826,2.3743,-0.0605,0.0605,0.0589,1.9476,410.471,2.5275
xjtu_sy,tcn_transformer_vib,3,15,0.2785,0.2676,0.2901,0.4292,0.2731,0.0612,0.485,0.3939,1.1851,7.066,1.6683,2.3655,-0.0534,0.0534,0.0476,1.8991,407.1918,2.4638
xjtu_sy,cnn_bilstm_attn_vib,3,15,0.2767,0.2546,0.2918,0.3717,0.2741,0.047,0.5522,0.3672,1.3841,7.348,1.7333,2.4651,-0.2084,0.2084,0.0626,2.0675,521.3821,2.7128
